Número,Descripción,Entidad / Unidad de compra,Dependencia,Fecha de publicación,Modalidad de adjudicación,Estado
2022-1-10-0-03-CL-462836,"REQUISICION N°1000832273-03-10,APOSITO  DE POVIDONA YODADA NO ADHERENTE,ADJUNTO PLIEGO DE CARGO Y CTNI 101239,TAMAÑO 9.5CMX9.5CM",CAJA DE SEGURO SOCIAL/COORD.ADMIN DE COLÓN, COORD.ADMIN DE COLÓN , 08-06-2022 09:50 AM , Global , Programada 
2022-1-10-0-08-CL-462833,"COMPRA DE SERVICIO DE REFRIGERIOS Y LAMUERZOS, PARA LE DIA 16 DE AGOSTO 2022.VER ADJUNTO",CAJA DE SEGURO SOCIAL/DIR. NAL. SERV. Y PREST. MEDICAS, DIR. NAL. SERV. Y PREST. MEDICAS , 08-06-2022 11:00 AM , Global , Programada 
2022-0-03-0-08-CL-050169,"apoyo económico, cubrir el costo de CIRUGÍA OCULAR EN AMBOS OJOS (CROSSLINKING) en calidad de donación  a la paciente: KELLYNEI TUÑÓN con C.I.P. 8-938-252, quien padece de QUERATOCONO",MINISTERIO DE LA PRESIDENCIA/DEPARTAMENTO DE COMPRAS - SEDE, DEPARTAMENTO DE COMPRAS - SEDE , 08-06-2022 10:00 AM , Global , Programada 
2022-0-07-08-08-CL-046404,COMPRA DE BRINDIS PARA LA SEMANA DE INICIAL,MINISTERIO DE EDUCACION/UNION CENTROAMERICANA, UNION CENTROAMERICANA , 08-06-2022 10:00 AM , Global , Programada 
2022-0-07-09-09-CL-032598,"COMPRA E INSTALACIÓN DE AIRES ACONDICIONADOS, PARA LOS LABORATORIOS DE QUÍMICA, BIOLOGÍA Y SALÓN DE PROFESORES DEL COLEGIO.",MINISTERIO DE EDUCACION/COLEGIO BONIFACIO ALVARADO, COLEGIO BONIFACIO ALVARADO , 08-06-2022 11:00 AM , Global , Programada 
2022-0-40-0-08-CL-016976,Pieza para la reparación de vehículo asignado al Departamento de Transporte.,TRIBUNAL ELECTORAL/Dirección de Compras, Dirección de Compras , 09-06-2022 08:00 AM , Global , Programada 
2022-0-07-012-12-CL-001610,"COTIZACIÓN DE GAS DE COCINA PARA LA PREPARACIÓN DE ALIMENTOS DE LOS ESTUDIANTES DEL CENTRO EDUCATIVO BILINGÜE CERRO PUERCO, TENEMOS LOS CILINDROS DE PANAGAS COMPRADOS CON ANTERIRIDAD EN LA ESCUELA.",MINISTERIO DE EDUCACION/CENTRO EDUCATIVO CERRO PUERCO, CENTRO EDUCATIVO CERRO PUERCO , 08-06-2022 11:00 AM , Global , Programada 
2022-1-10-0-09-CL-462823,TACOMETRO,CAJA DE SEGURO SOCIAL/COORD.ADM.CSS -SANTIAGO, COORD.ADM.CSS -SANTIAGO , 09-06-2022 08:30 AM , Global , Programada 
2022-0-07-02-02-CL-035676,SE REQUIERE COMPRAR TABLEROS BLANCOS Y TABLEROS DE CORCHO PARA EL CENTRO EDUCATIVO FEDERICO ZÚÑIGA FELIÚ-  ADJUNTO: AUTORIZACIÓN DE COMPRA,MINISTERIO DE EDUCACION/CE. FEDERICO ZUÑIGA FELIU, CE. FEDERICO ZUÑIGA FELIU , 08-06-2022 11:00 AM , Global , Programada 
2022-1-38-0-08-CL-012609,SE REQUIERE COMPRA DE IMPRESORA ROTULADORA ELECTRONICA PORTATIL. REQ. 254,AUTORIDAD AERONÁUTICA CIVIL/COMPRAS, COMPRAS , 09-06-2022 08:00 AM , Global , Programada 
2022-0-07-03-03-CL-021630,Compra de 40 Sillas para uso de los estudiantes de la Escuela Uruguay.,MINISTERIO DE EDUCACION/REPUBLICA DE URUGUAY, REPUBLICA DE URUGUAY , 08-06-2022 10:00 AM , Global , Programada 
2022-1-10-0-03-CL-462810,"REQUISICION N°1000842412-03-04,SERVICIO DE REFRIGERIO Y ALMUERZO PARA LOS DIAS 27,28 Y 29 DE JUNIO EN DONDE  PARTICIPARAN  18 FUNCIONARIOS POR DIA",CAJA DE SEGURO SOCIAL/COORD.ADMIN DE COLÓN, COORD.ADMIN DE COLÓN , 09-06-2022 07:00 AM , Global , Programada 
2022-0-07-02-02-CL-035675,COMPRA DE UTENSILIOS PARA EL COMEDOR ESCOLAR.,MINISTERIO DE EDUCACION/CENTRO EDUCATIVO MARCELINO QUIROZ Y QUIROZ , CENTRO EDUCATIVO MARCELINO QUIROZ Y QUIROZ  , 09-06-2022 07:00 AM , Global , Programada 
2022-1-10-0-08-CL-462803,"COMPRA DE ARTICULOS PROMOCIONALES, PARA LA FERIAS DE SALUD Y SEMINARIOS Y JORNADAS  PARA LOS MESES DE JUNIO, JULIO Y AGOSTO 2022.VER ADJUNTO. DE ESPECIFICACIONES.",CAJA DE SEGURO SOCIAL/DIR. NAL. SERV. Y PREST. MEDICAS, DIR. NAL. SERV. Y PREST. MEDICAS , 08-06-2022 10:00 AM , Global , Programada 
2022-0-07-09-09-CL-032595,COMPRA DE GAS LICUADO TROPIGAS DE 100 LIBRAS PARA USO DEL COMEDOR ESCOLAR EN EL CENTRO EDUCATIVO.,MINISTERIO DE EDUCACION/ESCUELA ELIGIO TEJADA ORTEGA, ESCUELA ELIGIO TEJADA ORTEGA , 10-06-2022 08:00 AM , Global , Programada 
2022-0-36-0-08-CL-014930,Suministro de 15.50 mts de canal pluvial de acero galvaniado calibre  #20 para ser utilizado en el  techo del pasillo que va hacia el Departamento de Servicios Generales.,INSTITUTO DE MEDICINA LEGAL Y CIENCIAS FORENSES/DEPARTAMENTO DE COMPRAS, DEPARTAMENTO DE COMPRAS , 10-06-2022 08:00 AM , Global , Programada 
2022-2-03-0-08-CL-009342,"15 CINTA PARA MAQUINA DE ESCRIBIR NAKAJIMA, MODELO WPT- 150/15 CINTA PARA MAQUINA DE ESCRIBIR NAKAJIMA, MODELO: WPT-160. QUE SEAN ORIGINALES. SE ADJUNTA ESPECIFICACIONES",AUTORIDAD MARITIMA/DEPARTAMENTO DE COMPRAS, DEPARTAMENTO DE COMPRAS , 09-06-2022 07:30 AM , Global , Programada 
2022-1-10-0-09-CL-462798,LEGUMBRES,CAJA DE SEGURO SOCIAL/HOSPITAL EZEQUIEL ABADIA-SONA, HOSPITAL EZEQUIEL ABADIA-SONA , 08-06-2022 12:00 PM , Global , Programada 
2022-1-01-0-99-CL-020243,"Adquisición de refrigerio y almuerzo en un hotel o  Centro de Convenciones en el Área Central, para ofrecer a los clientes ejecutivos de ventas de la Banca de Consumo.",BANCO NACIONAL DE PANAMÁ/DEPARTAMENTO DE CONTRATACION MENOR , DEPARTAMENTO DE CONTRATACION MENOR  , 08-06-2022 01:00 PM , Global , Programada 
2022-0-07-09-09-CL-032593,COMPRA DE 2 TANQUE DE GAS DE 100 LBS PARA USO EN EL COMEDOR YA QUE LOS MISMOS SE REQUIERE.,MINISTERIO DE EDUCACION/IPT. EL RINCON LAS PALMAS, IPT. EL RINCON LAS PALMAS , 08-06-2022 10:00 AM , Global , Programada 
2022-0-07-02-02-CL-035674,COMPRA DE RECARGA PARA TANQUE DE GAS TROPIGAS DE 100 LIBRAS,MINISTERIO DE EDUCACION/CENTRO EDUCATIVO MARCELINO QUIROZ Y QUIROZ , CENTRO EDUCATIVO MARCELINO QUIROZ Y QUIROZ  , 09-06-2022 07:00 AM , Global , Programada 
2022-1-93-0-08-CL-010922,"SERVICIO DE SUMINISTRO INSTALACIÓN , PARA 2 MANTENIMIENTO PREVENTIVO DE JUNIO A DICIEMBRE 2022, PARA EL VEHÍCULO OFICIAL HINO DUTRO, PLACA G08232, AÑO 2017,MOTOR N04CVB32370, CHASIS JHHZCL2H8HK007181.",UNIVERSIDAD DE LAS AMÉRICAS/COMPRAS, COMPRAS , 10-06-2022 08:00 AM , Global , Programada 
2022-1-37-0-08-CL-016202,ADQUISICIÓN DE 20 RESMA DE CARTULINA BLANCA QUE SERÁN UTILIZADOS EN EL DEPARTAMENTO DE IMPRENTA PARA LOS TRABAJOS ADMINISTRATIVO Y DE CURSOS A NIVEL NACIONAL,INSTITUTO NACIONAL DE FORMACIÓN PROFESIONAL Y CAPACITACIÓN PARA EL DESARROLLO HUMANO/COMPRAS, COMPRAS , 08-06-2022 10:00 AM , Global , Programada 
2022-1-10-0-08-CL-462790,SELLO DE SEGURIDAD NIVEL 1 NUMERADO DEL 7501 AL 12500. CEDIS PANAMASELLOS DE SEGURIDAD NIVEL 2 NUMERADOS DEL 8001 AL 1300. CEDIS PANAMA,CAJA DE SEGURO SOCIAL/Dirección Nacional de Logística , Dirección Nacional de Logística  , 09-06-2022 08:00 AM , Global , Programada 
2022-0-07-0-08-CL-044875,ADQUISICION DE 1500 LIBROS TAMAÑO BOLSILLO DE LEY ORGANICA DE EDUCACION.,MINISTERIO DE EDUCACION/DEPARTAMENTO DE COMPRAS SEDE, DEPARTAMENTO DE COMPRAS SEDE , 08-06-2022 10:00 AM , Global , Programada 
2022-0-12-210-08-CL-004004,ESTOS PORTA CARNETS SERAN UTILIZADOS PARA COLOCACION DE CARNET DE IDENTIFICACION DE LA INSTITUCION. REGION DE SALUD PANAMA ESTE.REQ.014-2022,MINISTERIO DE SALUD/DEPARTAMENTO DE COMPRAS(REG. DE SALUD DE PMA ESTE), DEPARTAMENTO DE COMPRAS(REG. DE SALUD DE PMA ESTE) , 08-06-2022 10:00 AM , Global , Programada 
2022-1-38-0-08-CL-012608,COMPRA DE SENSOR ULTRASONICO MODELO WMT700 PARA REEMPLAZO DEL EXISTENTE. VER ADJUNTO (INCLUIR FICHA TECNICA Y CATALOGO EN LA PROPUESTA). REQ.222,AUTORIDAD AERONÁUTICA CIVIL/COMPRAS, COMPRAS , 09-06-2022 08:00 AM , Global , Programada 
2022-1-93-0-08-CL-010921,"SERVICIO DE SUMINISTRO E INSTALACIÓN, PARA 2 MANTENIMIENTO PREVENTIVO DE JUNIO A DICIEMBRE 2022, PARA EL VEHÍCULO OFICIAL, HINO FG, PLACA G6392, AÑO 2016, CHASIS JHDFG1PUGXX20055, MOTOR J08CF44897.",UNIVERSIDAD DE LAS AMÉRICAS/COMPRAS, COMPRAS , 10-06-2022 08:00 AM , Global , Programada 
2022-0-40-0-08-CL-016975,Suministro e instalación de impresión de rótulos para estructura de Kisoco del tribunal Electoral.,TRIBUNAL ELECTORAL/Dirección de Compras, Dirección de Compras , 09-06-2022 08:00 AM , Global , Programada 
2022-0-03-0-08-CL-050164,Apoyo económico para cubrir los gastos de estudios médicos para paciente que padece de trastorno de espectro autista y otro diagnóstico.,MINISTERIO DE LA PRESIDENCIA/DEPARTAMENTO DE COMPRAS - SEDE, DEPARTAMENTO DE COMPRAS - SEDE , 08-06-2022 10:00 AM , Global , Programada 
2022-0-41-0-08-CL-003298,ASPIRADORA SECO/ MOJADO ACERO INOXIDABLE 8 GALONES,FISCALIA GENERAL ELECTORAL/COMPRAS, COMPRAS , 08-06-2022 10:00 AM , Global , Programada 
2022-0-07-08-08-CL-046400,Por concepto de compra de insumos para la Clínica Dental del Instituto José Dolores Moscote.,MINISTERIO DE EDUCACION/INSTITUTO JOSE DOLORES MOSCOTE, INSTITUTO JOSE DOLORES MOSCOTE , 08-06-2022 10:00 AM , Global , Programada 
2022-0-03-0-08-CL-050163,APOYO ECONOMICO PARA LA COMPRA DE ENSERES DOMESTICOS PARA LA SRA. NIXIA LABRADOR CON CIP 8-805-1840,MINISTERIO DE LA PRESIDENCIA/DEPARTAMENTO DE COMPRAS - SEDE, DEPARTAMENTO DE COMPRAS - SEDE , 08-06-2022 12:00 PM , Global , Programada 
2022-0-07-09-09-CL-032589,COMPRA AGUA Y BEBIDA ENERGIZANTE.,MINISTERIO DE EDUCACION/C.E.B.G. RUBEN DARIO, C.E.B.G. RUBEN DARIO , 08-06-2022 12:00 PM , Global , Programada 
2022-1-10-0-09-CL-462766,CARGADOR DE BATERIAS,CAJA DE SEGURO SOCIAL/COORD.ADM.CSS -SANTIAGO, COORD.ADM.CSS -SANTIAGO , 09-06-2022 07:00 AM , Global , Programada 
2022-1-10-0-09-CL-462765,SECADOR DE PISO,CAJA DE SEGURO SOCIAL/COORD.ADM.CSS -SANTIAGO, COORD.ADM.CSS -SANTIAGO , 09-06-2022 07:00 AM , Global , Programada 
2022-0-40-0-08-CL-016974,Repuestos para la reparación de 7 vehículos de la flota del Tribunal Electoral.,TRIBUNAL ELECTORAL/Dirección de Compras, Dirección de Compras , 09-06-2022 08:00 AM , Global , Programada 
2022-1-10-0-02-CL-462763,PEDAL ELECTRICO,CAJA DE SEGURO SOCIAL/COORD.ADMIN.DE COCLE, COORD.ADMIN.DE COCLE , 08-06-2022 10:00 AM , Global , Programada 
2022-0-07-09-09-CL-032587,Compra de alimento humano para los estudiantes del plantel desde el 20 de junio al 8 de julio del presente año. Preferiblemente Comercio Local.,MINISTERIO DE EDUCACION/CENTRO EDUCATIVO SECUNDARIO LA MESA, CENTRO EDUCATIVO SECUNDARIO LA MESA , 08-06-2022 12:00 PM , Global , Programada 
2022-1-34-134-08-CL-007748,ARTICULOS DE ASEO PERSONAL DIARIO PARA LOS NNA DE CENTRO TRASITORIO AMADOR MES DE JUNIO,"SECRETARÍA NACIONAL DE NIÑEZ, ADOLESCENCIA Y FAMILIA/COMPRAS", COMPRAS , 08-06-2022 12:00 PM , Global , Programada 
2022-1-10-0-15-CL-462755,SERVICIO DE ALIMENTACION PARA LOS FUNCIONARIOS QUE PARTICIPARAN EN JORNADA DE ODONTOLOGOS,CAJA DE SEGURO SOCIAL/COORDINACION ADMITIVA. PANAMA OESTE, COORDINACION ADMITIVA. PANAMA OESTE , 09-06-2022 07:55 AM , Global , Programada 
2022-1-01-0-02-CL-020240,"Adquisición de refrigerio y almuerzo en un hotel  del área de Penonomé , para ofrecer a los clientes (Promotores de Vivienda)",BANCO NACIONAL DE PANAMÁ/DEPARTAMENTO DE CONTRATACION MENOR , DEPARTAMENTO DE CONTRATACION MENOR  , 08-06-2022 01:00 PM , Global , Programada 
2022-0-07-09-09-CL-032584,Tanques de gas de 100 lbs,MINISTERIO DE EDUCACION/LA SOLEDAD, LA SOLEDAD , 08-06-2022 12:00 PM , Global , Programada 
2022-0-07-09-09-CL-032583,Limpieza de Aires Acondicionados.,MINISTERIO DE EDUCACION/LA SOLEDAD, LA SOLEDAD , 08-06-2022 12:00 PM , Global , Programada 
2022-1-95-0-08-CL-021500,SUMINISTRO DE REPUESTOS PARA LA FLOTA VEHICULAR DE LA UNIVERSIDAD TECNOLOGICA,UNIVERSIDAD TECNOLÓGICA DE PANAMÁ/COMPRAS, COMPRAS , 09-06-2022 07:00 AM , Global , Programada 
2022-0-40-0-08-CL-016962,Seguro de viaje para la licenciada Sharon Sinclaire de Dumanoir y licenciado Gilbert Estrada.,TRIBUNAL ELECTORAL/Dirección de Compras, Dirección de Compras , 08-06-2022 12:00 PM , Global , Programada 
2022-1-10-0-15-CL-462744,SERVICIO DE ALIMENTACION PARA FUNCIONARIOS EL DIA 12 DE AGOSTO,CAJA DE SEGURO SOCIAL/COORDINACION ADMITIVA. PANAMA OESTE, COORDINACION ADMITIVA. PANAMA OESTE , 09-06-2022 07:45 AM , Global , Programada 
2022-0-12-14-08-CL-023577,**22-1153**ACIDO DIETILEN-TRIAMINO- PENTA-ACETICO (DTPA) AGENTE NO REACTIVO F/T 81013,MINISTERIO DE SALUD/Compras (H. SANTO TOMÁS), Compras (H. SANTO TOMÁS) , 08-06-2022 10:00 AM , Global , Programada 
2022-0-04-0-08-CL-013089,Servicio de Mano de obra. Req.2022-00390,MINISTERIO DE GOBIERNO /DIRECCION DE PROVEDURIA Y COMPRAS, DIRECCION DE PROVEDURIA Y COMPRAS , 08-06-2022 10:00 AM , Global , Programada 
2022-1-10-0-08-CL-462736,"50 TOALLAS CHICAS DE 17 X 32 PULGADAS , PRESENTAR MUESTRA ANTES DE LA COTIZACION EN LINEA.",CAJA DE SEGURO SOCIAL/POLICLINICA JJ VALLARINO, POLICLINICA JJ VALLARINO , 09-06-2022 09:30 AM , Global , Programada 
2022-0-03-0-08-CL-050153,"apoyo económico, para cubrir la compra de Medicamento que será entregado en donación por el Despacho de la Primera Dama a la Sra. ITZEL I. DURANGO RIVAS, con C.I.P. 8-506-420",MINISTERIO DE LA PRESIDENCIA/DEPARTAMENTO DE COMPRAS - SEDE, DEPARTAMENTO DE COMPRAS - SEDE , 08-06-2022 10:00 AM , Global , Programada 
2022-0-18-01-08-CL-057949,ADQUISICION DE DESTROZADORA INDUSTRIAL PARA LA ESTACION AERONAVAL DE PUNTA DE COCO -SENAN,Ministerio de Seguridad Pública/COMPRAS, COMPRAS , 10-06-2022 09:00 AM , Global , Programada 
2022-0-07-02-02-CL-035662,Compra de alimentos. Para preparar la comida de los estudiantes que asisten al comedor escolar del Centro Educativo.,MINISTERIO DE EDUCACION/JUAN D. AROSEMENA, JUAN D. AROSEMENA , 08-06-2022 10:00 AM , Global , Programada 
2022-0-07-09-09-CL-032579,COMPRA DE LIBROS PARA USO DE LOS ESTUDIANTES EN EL CENTRO EDUCATIVO.,MINISTERIO DE EDUCACION/I.. P .T. LAS PALM AS, I.. P .T. LAS PALM AS , 08-06-2022 10:00 AM , Global , Programada 
2022-3-30-0-07-CL-004136,"SUMINISTRO DE PIEZAS CON SU INSTALACIÓN-VEHÍCULO NISSAN FRONTIER,AÑO2008,PLACA 012951 ASIGNADO A LA SUCURSAL DE AZUERO, QUE SE ENCUENTRA UBICADA HERRERA-CHITRE(cotizar sin ITBMS ya que somos exentos)",BANCO HIPOTECARIO NACIONAL/COMPRAS, COMPRAS , 08-06-2022 10:00 AM , Global , Programada 
2022-0-18-01-08-CL-057947,ADQUISICION DE LLANTAS 275/55R20 AT PARA VEHICULO FORD-150 -SENAN,Ministerio de Seguridad Pública/COMPRAS, COMPRAS , 09-06-2022 09:00 AM , Global , Programada 
2022-0-12-614-06-CL-009963,PECHUGA DE POLLO Y OTROS,MINISTERIO DE SALUD/DEP. DE COMPRAS(H. CECILIO A. CASTILLERO C.), DEP. DE COMPRAS(H. CECILIO A. CASTILLERO C.) , 09-06-2022 09:00 AM , Global , Programada 
2022-0-18-01-08-CL-057946,"ADQUISICIÓN DE EQUIPOS Y HIELERAS, SOLICITADO POR LA DIRECCIÓN NACIONAL DE ARMAMENTO.",Ministerio de Seguridad Pública/POLICIA NACIONAL, POLICIA NACIONAL , 08-06-2022 12:00 PM , Global , Programada 
2022-1-48-0-08-CL-007054,"SERVICIO DE MANTENIMIENTO PREVENTIVO DE PANEL ELECTRICO PRINCIPAL DE LA SEDE CENTRAL DEL REGISTRO PUBLICO. SE ADJ. CRITERIO TECNICO CON INFORMACION, SOLICITUD DE BIENES Y FOTOS E IMAGENES.",REGISTRO PÚBLICO/COMPRAS, COMPRAS , 08-06-2022 10:00 AM , Global , Programada 
2022-1-10-0-09-CL-462710,SERVILLETAS BLANCAS TIPO DISPENSADOR.,CAJA DE SEGURO SOCIAL/HOSPITAL EZEQUIEL ABADIA-SONA, HOSPITAL EZEQUIEL ABADIA-SONA , 08-06-2022 12:00 PM , Por Renglon , Programada 
2022-0-06-0-08-CL-007083,SERVICIO DE HOTEL PARA JORNADA DE SENSIBILIZACION PARA 60 PERSONAS EL DIA 22 DE JUNIO DE 2022.,"SECRETARÍA NACIONAL DE CIENCIA, TECNOLOGÍA E INNOVACIÓN/DEPARTAMENTO DE COMPRAS", DEPARTAMENTO DE COMPRAS , 08-06-2022 10:00 AM , Global , Programada 
2022-1-10-0-08-CL-462608,450 KILOS DE BACALAO DE TIPO EXPORTACIÓN,CAJA DE SEGURO SOCIAL/COMP. HOSP. DR. ARNULFO ARIAS M., COMP. HOSP. DR. ARNULFO ARIAS M. , 08-06-2022 10:00 AM , Global , Programada 
2022-0-12-14-08-CL-023559,"REQ. 22-0311///CLORHIDRATO O SULFATO DE PROTAMINA, 10 mg/ml ó 1,000 U.I./ml, solución, ampolla, I.V. F/T 10230",MINISTERIO DE SALUD/Compras (H. SANTO TOMÁS), Compras (H. SANTO TOMÁS) , 08-06-2022 10:00 AM , Global , Programada 
2022-3-65-0-08-CL-002534,ALQUILER DE SALÓN EN HOTEL PARA REALIZAR TALLER DIRIGIDO A LOS COLABORADORES DE LA SUPERINTENDENCIA DEL MERCADO DE VALORES. VER ESPECIFICACIONES ADJUNTAS.,SUPERINTENDENCIA DEL MERCADO DE VALORES/COMPRAS, COMPRAS , 08-06-2022 10:00 AM , Global , Programada 
2022-5-78-0-08-CL-005593,ADQUISICION DE TINTAS,MUNICIPIO DE SAN MIGUELITO/DEPARTAMENTO DE COMPRAS San Miguelito, DEPARTAMENTO DE COMPRAS San Miguelito , 08-06-2022 12:00 PM , Global , Programada 
2022-0-12-204-02-CL-009318,SUMINISTRO DE REPUESTOS GENUINOS PARA VEHICULOS DEL PROGRAMA FORIS DE LA REGION DE SALUD DE COCLE (VER ANEXO),MINISTERIO DE SALUD/DEP. DE COMPRAS(REGIONAL DE SALUD DE COCLÉ), DEP. DE COMPRAS(REGIONAL DE SALUD DE COCLÉ) , 08-06-2022 12:00 PM , Global , Programada 
2022-0-30-0-07-CL-024630,PINTURAS  Y HERRAMIENTAS PARA PINTAR,ÓRGANO JUDICIAL/DIRECCION DE ABASTECIMIENTO Y ALMACEN, DIRECCION DE ABASTECIMIENTO Y ALMACEN , 10-06-2022 12:00 PM , Global , Programada 
2022-1-95-0-08-CL-021495,"LAMINA DE CIELO RASO, CORNISA P/MOLDURA, TRACK DE METAL, TORNILLOS, PEGAMENTO, ARANDELA, CEPILLO PARA METAL, AISLANTE TERMOACUSTICO ETC.",UNIVERSIDAD TECNOLÓGICA DE PANAMÁ/COMPRAS, COMPRAS , 09-06-2022 09:00 AM , Global , Programada 
2022-0-12-224-09-CL-012156,FORMULARIOS DE REGISTRO DE ACTIVIDADES MEDICAS ESPECIALIZADAS EN TURNOS REQ-714,MINISTERIO DE SALUD/DEP. DE COMPRAS(H. LUIS CHICHO FABREGA), DEP. DE COMPRAS(H. LUIS CHICHO FABREGA) , 08-06-2022 01:00 PM , Global , Programada 
2022-0-18-01-08-CL-057941,ADQUISICION DE INSUMOS Y SUMINISTRO DE INSTALACION DE SISTEMA DE CAMARAS PTZ DE LA TORRE DE VIDEO VIGILANCIA DE LA BASE DE COMANDO GENERAL-SENAN,Ministerio de Seguridad Pública/COMPRAS, COMPRAS , 09-06-2022 10:00 AM , Global , Programada 
2022-1-10-0-09-CL-462676,CAJA REGISTRADORA.,CAJA DE SEGURO SOCIAL/HOSPITAL EZEQUIEL ABADIA-SONA, HOSPITAL EZEQUIEL ABADIA-SONA , 09-06-2022 08:00 AM , Por Renglon , Programada 
2022-2-81-01-08-CL-003738,SC 9872 Suministro de insumos eléctricos de reparación de llantas para los talleres de mantenimiento de TMPSA.,"TRANSPORTE MASIVO DE PANAMÁ,S.A/TRANSPORTE MASIVO DE PANAMÁ,S.A"," TRANSPORTE MASIVO DE PANAMÁ,S.A ", 10-06-2022 08:00 AM , Por Renglon , Programada 
2022-1-10-0-09-CL-462657,CARGADOR DE BATERIA PARA PLANTA ELECTRICA 12V.NUMERO DE ACTIVO: 5000254538MODELO: BCJD40-60SERIE:  EXP55498(MAS DETALLE VER SOLICITUD),CAJA DE SEGURO SOCIAL/HOSPITAL EZEQUIEL ABADIA-SONA, HOSPITAL EZEQUIEL ABADIA-SONA , 08-06-2022 12:00 PM , Por Renglon , Programada 
2022-0-07-0-15-CL-044862,COMPRA DE ALIMENTOS DE CONSUMO HUMANO/80 bolsas con cada uno de los alimentos  solicitados.,MINISTERIO DE EDUCACION/CENTRO NOCTURNO DE JOVENES Y ADULTOS DE VERACRUZ, CENTRO NOCTURNO DE JOVENES Y ADULTOS DE VERACRUZ , 09-06-2022 08:00 AM , Global , Programada 
2022-0-07-012-12-CL-001606,COMPRA DE ALIMENTO DE CONSUMO HUMANO PARA EL CENTRO EDUCATIVO HATO CHAMI. SEGUN LA DOCUMENTACIÓN ADJUNTA,MINISTERIO DE EDUCACION/Colegio Hato Chami, Colegio Hato Chami , 09-06-2022 08:00 AM , Global , Programada 
2022-1-10-0-03-CL-462440,ABANICO PARA AIRE ACONDICIONADO AUTO  COIL MODIFICATION,CAJA DE SEGURO SOCIAL/COMPLEJO MANUEL AMADOR GUERRERO, COMPLEJO MANUEL AMADOR GUERRERO , 09-06-2022 07:00 AM , Global , Programada 
2022-0-12-119-04-CL-028356,"AMINOACIDOS AL 8% PARA NUTRICION EN FALLA HEPATICA, SOLUCION, I.V., VIAL O FRASCO DE 500ML. F.T 12268. REQ. 435",MINISTERIO DE SALUD/DEPARTAMENTO DE COMPRAS(H. JOSÉ DOMINGO DE OBALDIA), DEPARTAMENTO DE COMPRAS(H. JOSÉ DOMINGO DE OBALDIA) , 09-06-2022 07:00 AM , Global , Programada 
2022-0-07-11-15-CL-048942,Compra de alimentos  de consumo humano/250 bolsas con cada producto  solicitado.,MINISTERIO DE EDUCACION/ESCUELA DE  VERACRUZ, ESCUELA DE  VERACRUZ , 09-06-2022 07:00 AM , Global , Programada 
2022-3-15-0-08-CL-014201,"ALQUILER DE VEHÍCULO PARA USO DEL GERENTE GENERAL, DEL BANCO DE DESARROLLO AGROPECUARIO",BANCO DE DESARROLLO AGROPECUARIO/COMPRAS, COMPRAS , 08-06-2022 11:30 AM , Global , Programada 
2022-0-30-0-08-CL-024627,"PUERTAS, MARCOS DE MADERA, BISAGRAS, CERRADURAS Y THINER LACA",ÓRGANO JUDICIAL/DIRECCION DE ABASTECIMIENTO Y ALMACEN, DIRECCION DE ABASTECIMIENTO Y ALMACEN , 09-06-2022 08:00 AM , Global , Programada 
2022-1-37-0-08-CL-016200,Compra de Caja de Almacenamiento y Traslado de Cable y Equipos de Audio para los diferentes Eventos del INADEH,INSTITUTO NACIONAL DE FORMACIÓN PROFESIONAL Y CAPACITACIÓN PARA EL DESARROLLO HUMANO/COMPRAS, COMPRAS , 09-06-2022 08:00 AM , Global , Programada 
2022-0-21-074-15-CL-004928,Compra de consumibles utilizados en equipos de pintura para mantenimiento y almacen de la Escuela Vocacional de Chapala,MINISTERIO DE DESARROLLO SOCIAL/DEPARTAMENTO DE COMPRAS(Esc. Vocacional Chapala), DEPARTAMENTO DE COMPRAS(Esc. Vocacional Chapala) , 08-06-2022 10:15 AM , Global , Programada 
2022-1-90-0-07-CL-068001,COMPRA DE CARNES QUE SERÁ UTILIZADA EN LA CAFETERÍA DEL CRULS.,UNIVERSIDAD DE PANAMÁ/CRU LOS SANTOS, CRU LOS SANTOS , 10-06-2022 08:00 AM , Global , Programada 
2022-1-01-0-08-CL-020234,"Adquisición de fiambrera térmica, con el logo del banco, para respaldar la marca del Banco Nacional de Panamá, en las diferentes actividades de mercadeo donde participa la institución.",BANCO NACIONAL DE PANAMÁ/DEPARTAMENTO DE CONTRATACION MENOR , DEPARTAMENTO DE CONTRATACION MENOR  , 09-06-2022 11:00 AM , Global , Programada 
2022-0-18-01-08-CL-057927,"ADQUISICION DE PINES DE ANTIGUEDAD, SOLICITADO POR LA DIRECCION DE RECURSOS HUMANOS, DIRECCION.",Ministerio de Seguridad Pública/POLICIA NACIONAL, POLICIA NACIONAL , 08-09-2022 08:00 AM , Global , Programada 
2022-1-01-0-08-CL-020233,"Adquisición de revolvedores y vasos de cartón, para el abastecimiento del almacén del Banco Nacional de Panamá.",BANCO NACIONAL DE PANAMÁ/DEPARTAMENTO DE CONTRATACION MENOR , DEPARTAMENTO DE CONTRATACION MENOR  , 08-06-2022 12:00 PM , Global , Programada 
2022-2-02-0-08-CL-010727,LICENCIA DE SOFTWARE SYNCHROWAVE EVENT,"AEROPUERTO INTERNACIONAL DE TOCUMEN , S.A /Depto. Recursos Logísticos", Depto. Recursos Logísticos , 08-06-2022 12:00 PM , Global , Programada 
2022-1-01-0-08-CL-020232,"Adquisición de artículos promocionales para ser utilizados en las diversas actividades corporativas que desarrollará y participará el Banco Nacional de Panamá, a nivel nacional.",BANCO NACIONAL DE PANAMÁ/DEPARTAMENTO DE CONTRATACION MENOR , DEPARTAMENTO DE CONTRATACION MENOR  , 08-06-2022 11:00 AM , Global , Programada 
2022-1-93-0-08-CL-010912,"SUMINISTRO DE PIEZAS PARA LA REPARACIÓN DEL VEHÍCULO OFICIAL NISSAN URVAN PLACA N°988821, AÑO 2011.",UNIVERSIDAD DE LAS AMÉRICAS/COMPRAS, COMPRAS , 09-06-2022 08:00 AM , Global , Programada 
2022-1-10-0-15-CL-462588,SERVICIO DE DOSIMETRIA,CAJA DE SEGURO SOCIAL/COORDINACION ADMITIVA. PANAMA OESTE, COORDINACION ADMITIVA. PANAMA OESTE , 09-06-2022 08:00 AM , Global , Programada 
2022-0-07-15-08-CL-001870,COMPRA DE MATERIAL Y MANO DE OBRA QUE SERA UTILIZADO PARA EL DESMONTE E INSTALACIÓN DE 8 INODOROS EN BAÑOS DE NIÑOS Y NIÑAS DEL CENTRO EDUCATIVO.,MINISTERIO DE EDUCACION/I.P.T. de Chilibre, I.P.T. de Chilibre , 08-06-2022 10:00 AM , Global , Programada 
2022-0-03-0-08-CL-050139,Compra de paraguas tipo cartera y tipo golf. Impresión Full Color en dos paños. Para Protocolo del Ministerio de la Presidencia,MINISTERIO DE LA PRESIDENCIA/DEPARTAMENTO DE COMPRAS - SEDE, DEPARTAMENTO DE COMPRAS - SEDE , 13-06-2022 08:00 AM , Global , Programada 
2022-2-80-0-08-CL-004824,SUMINISTRO DE MATERIALES PARA LA ENERGIZACIÓN DE LAS LUMINARIAS PEATONALES DE LAS ESTACIONES DOCE DE OCTUBRE PUEBLO NUEVO Y PAN DE AZÚCAR,"Metro de Panamá,S.A/DEPARTAMENTO DE COMPRAS SEDE", DEPARTAMENTO DE COMPRAS SEDE , 08-06-2022 10:00 AM , Global , Programada 
2022-0-14-0-08-CL-020411,REPUESTOS PARA VEHICULOS ASIGANADOS A PANAMA CENTRO,MINISTERIO DE VIVIENDA/DIRECCIÓN ADMINISTRATIVA, DIRECCIÓN ADMINISTRATIVA , 08-06-2022 11:00 AM , Global , Programada 
2022-0-12-202-02-CL-008398,BATERÍA DE 12V / CARGADOR DE BATERÍA,MINISTERIO DE SALUD/DEP. DE COMPRAS(H. AQUILINO TEJEIRA), DEP. DE COMPRAS(H. AQUILINO TEJEIRA) , 09-06-2022 08:00 AM , Global , Programada 
2022-1-10-0-08-CL-462571,"CHAYOTE,PEPINOS ENTEROS, REPOLLOS ENTEROS, REMOLACHA, ZANAHORIA ENTERA, LECHUGA NACIONAL, AJO AL NATURAL. CEBOLLA, CULANTRO FRESCO, PIMIENTOS VERDES, ZAPALLO, TOMATE 3X3.",CAJA DE SEGURO SOCIAL/HOSPITAL DRA.SUSANA JONES CANO, HOSPITAL DRA.SUSANA JONES CANO , 10-06-2022 07:30 AM , Global , Programada 
2022-0-12-14-08-CL-023549,REQ. 22-0280 **APOSITO HIDROCOLOIDE (FINO O EXTRA DELGADO) CUADRADO 15CM X 15CM - FICHA TECNICA: 100564,MINISTERIO DE SALUD/Compras (H. SANTO TOMÁS), Compras (H. SANTO TOMÁS) , 08-06-2022 10:00 AM , Global , Programada 
2022-1-10-0-08-CL-462557,SERVICIO DE CALIBRACION DE EQUIPOS DEL SERVICIO DE MEDICINA TRSNFUSIONAL,CAJA DE SEGURO SOCIAL/HOSPITAL DRA.SUSANA JONES CANO, HOSPITAL DRA.SUSANA JONES CANO , 10-06-2022 07:30 AM , Global , Programada 
2022-0-12-11-08-CL-020623,SERVICIO PARA LA EJECUCIÓN DE TAREAS RELACIONADAS AL MANTENIMIENTO PREVENTIVO DE LA PLATAFORMA DE DIRECTORIO ACTIVO Y EXCHANGE,MINISTERIO DE SALUD/DEPARTAMENTO DE COMPRA(INST. ONCOLOGICO NAC.), DEPARTAMENTO DE COMPRA(INST. ONCOLOGICO NAC.) , 09-06-2022 08:00 AM , Global , Programada 
2022-0-06-0-08-CL-007080,Mejoras a los cuartos de comunicación de la SENACYT,"SECRETARÍA NACIONAL DE CIENCIA, TECNOLOGÍA E INNOVACIÓN/DEPARTAMENTO DE COMPRAS", DEPARTAMENTO DE COMPRAS , 08-06-2022 11:00 AM , Global , Programada 
2022-1-10-0-02-CL-462364,"KIT DE MANTENIMIENTO ( CONSTA DE MOTOR 12 V M28X20/16, EMPAQUE, CABLE DE CONEXION Y BLOWER.  SOLICITUD 1000833506-02-17",CAJA DE SEGURO SOCIAL/HOSP. DR. RAFAEL ESTÉVEZ DE AGUADULCE, HOSP. DR. RAFAEL ESTÉVEZ DE AGUADULCE , 09-06-2022 07:00 AM , Global , Programada 
2022-0-12-119-04-CL-028413,ESTEROIDES TÓPICOS DE USO NASAL MOMETASONA 50 MCG INHALACION SUSPENSION ACUOSA EN AEREOSOL.  F.T.104769. REQ. 456,MINISTERIO DE SALUD/DEPARTAMENTO DE COMPRAS(H. JOSÉ DOMINGO DE OBALDIA), DEPARTAMENTO DE COMPRAS(H. JOSÉ DOMINGO DE OBALDIA) , 09-06-2022 07:00 AM , Global , Programada 
2022-1-10-0-02-CL-461335,DIOXIDO DE CARBONO.  SOLICITUD 1000837900-02-17,CAJA DE SEGURO SOCIAL/HOSP. DR. RAFAEL ESTÉVEZ DE AGUADULCE, HOSP. DR. RAFAEL ESTÉVEZ DE AGUADULCE , 09-06-2022 07:00 AM , Global , Programada 
2022-1-10-0-09-CL-462486,PALLET TRUCKS ELECTRICO,CAJA DE SEGURO SOCIAL/COORD.ADM.CSS -SANTIAGO, COORD.ADM.CSS -SANTIAGO , 09-06-2022 08:00 AM , Global , Programada 
2022-1-40-0-08-CL-014100,Renovación de soporte Check Point.,INSTITUTO PANAMEÑO DE HABILITACIÓN ESPECIAL/COMPRAS, COMPRAS , 10-06-2022 08:00 AM , Global , Programada 
2022-1-40-0-08-CL-014099,Disco SAS 7.2 ATRK de 8 TB de 12G con 4.16ms de acceso y su bandeja de hot swap. ADJUNTO DETALLES DE DISCOS,INSTITUTO PANAMEÑO DE HABILITACIÓN ESPECIAL/COMPRAS, COMPRAS , 09-06-2022 08:00 AM , Global , Programada 
2022-0-12-12-07-CL-007238,"REQ. 343 PREDNISOLONA 1-3 MG/ML, JARABE O SOLUCION, V.O. FT. 11041",MINISTERIO DE SALUD/DEPARTAMENTO DE COMPRAS(H. REGIONAL DR. JOAQUIN P.FRANCO), DEPARTAMENTO DE COMPRAS(H. REGIONAL DR. JOAQUIN P.FRANCO) , 15-06-2022 10:00 AM , Global , Programada 
2022-1-48-0-08-CL-007051,SUMINISTRO E INST. DE KIT DE PANEL Y TECLADO PARA REEMPLAZO DE SISTEMA DE ROBO EXISTENTE. (PANEL QUEMADO) ADJ SOLICITUD CON ESPECIFICACIONES. SE LE SOLICITA REALIZAR INSPECCION AL AREA.,REGISTRO PÚBLICO/COMPRAS, COMPRAS , 10-06-2022 10:00 AM , Global , Programada 
2022-0-12-12-07-CL-007237,REQ. 345  NAPROXENO 500-550 MG CÁPSULA O COMPRIMIDO FT. 10494,MINISTERIO DE SALUD/DEPARTAMENTO DE COMPRAS(H. REGIONAL DR. JOAQUIN P.FRANCO), DEPARTAMENTO DE COMPRAS(H. REGIONAL DR. JOAQUIN P.FRANCO) , 13-06-2022 10:00 AM , Global , Programada 
2022-0-12-12-07-CL-007236,"REQ. 340  DOPAMINA CLORHIDRATO, 40-50 MG/ML, SOLUCION AMPOLLA O VÍAL, I.V. FT. 10259",MINISTERIO DE SALUD/DEPARTAMENTO DE COMPRAS(H. REGIONAL DR. JOAQUIN P.FRANCO), DEPARTAMENTO DE COMPRAS(H. REGIONAL DR. JOAQUIN P.FRANCO) , 14-06-2022 08:00 AM , Global , Programada 
2022-1-93-0-08-CL-010902,SUMINISTRO DE INSUMOS,UNIVERSIDAD DE LAS AMÉRICAS/COMPRAS, COMPRAS , 13-06-2022 12:00 PM , Global , Programada 
2022-0-12-12-07-CL-007235,"REQ. 338  PREDNISOLONA 50MG, COMPRIMIDO,V.O. FT.10653",MINISTERIO DE SALUD/DEPARTAMENTO DE COMPRAS(H. REGIONAL DR. JOAQUIN P.FRANCO), DEPARTAMENTO DE COMPRAS(H. REGIONAL DR. JOAQUIN P.FRANCO) , 13-06-2022 08:00 AM , Global , Programada 
2022-1-10-0-08-CL-462450,"CARNE DE RES MOLIDA, CARNE DE RINCON, CARNE DE CERDO.",CAJA DE SEGURO SOCIAL/HOSPITAL DRA.SUSANA JONES CANO, HOSPITAL DRA.SUSANA JONES CANO , 10-06-2022 07:30 AM , Global , Programada 
2022-0-12-12-07-CL-007234,"REQ.341 (CAJA X 120) BOTELLA PARA FLUIDO CORPORALES. F.T. 102034  ,  (CAJA X 360) BOTELLA PARA UROCULTIVO FT. 102031",MINISTERIO DE SALUD/DEPARTAMENTO DE COMPRAS(H. REGIONAL DR. JOAQUIN P.FRANCO), DEPARTAMENTO DE COMPRAS(H. REGIONAL DR. JOAQUIN P.FRANCO) , 10-06-2022 08:00 AM , Global , Programada 
2022-1-93-0-08-CL-010901,SUMINISTRO DE TRES (3) DESHUMIFICADORES DE 20 LITROS /24 HORAS.,UNIVERSIDAD DE LAS AMÉRICAS/COMPRAS, COMPRAS , 10-06-2022 12:00 PM , Global , Programada 
2022-0-12-12-07-CL-007233,"REQ. 298  ADRENALINA CLORURO, 1: 1000, (1MG/ML), SOLUCION, AMPOLLA,S.C., I.M., I.V.  FT. 10822",MINISTERIO DE SALUD/DEPARTAMENTO DE COMPRAS(H. REGIONAL DR. JOAQUIN P.FRANCO), DEPARTAMENTO DE COMPRAS(H. REGIONAL DR. JOAQUIN P.FRANCO) , 09-06-2022 08:00 AM , Global , Programada 
2022-1-95-004-04-CL-002626,"COMPRA DE MERCANCIA SECA PARA LA CAFETERÍA DEL CENTRO REGIONAL DE CHIRIQUÍ, PARA SER CONSUMIDO EN 50 DÍAS",UNIVERSIDAD TECNOLÓGICA DE PANAMÁ/DEPARTAMENTO DE COMPRAS (CHIRIQUI), DEPARTAMENTO DE COMPRAS (CHIRIQUI) , 13-06-2022 08:00 AM , Global , Programada 
2022-0-07-11-15-CL-048900,"instalación/mano de obra y material.caja luminosa de 15x3´,estructura de tubo cuadrado de 1x1"" de hierro, perfiles galvanizados recubiertos vinil incluye impresión full color en lona, inst. eléctrica.",MINISTERIO DE EDUCACION/C.E.B.G. RESIDENCIAL VISTA ALEGRE, C.E.B.G. RESIDENCIAL VISTA ALEGRE , 10-06-2022 07:00 AM , Global , Programada 
2022-0-08-0-08-CL-016842,REPUESTO PARA HYUNDAI ACCENT 2011 (CAMBIO),MINISTERIO DE COMERCIO E INDUSTRIAS/DEPTO. DE COMPRA, DEPTO. DE COMPRA , 09-06-2022 08:00 AM , Global , Programada 
2022-0-40-0-08-CL-016954,Servicio de suministro e instalación de paños fijos y puertas abatibles de vidrio para la nueva Regional de San Miguelito,TRIBUNAL ELECTORAL/Dirección de Compras, Dirección de Compras , 09-06-2022 08:00 AM , Global , Programada 
2022-0-14-0-08-CL-020400,"PAPEL ALBANENE TIPO VELLUM  DE 36"" X 500 YARDAS",MINISTERIO DE VIVIENDA/DIRECCIÓN ADMINISTRATIVA, DIRECCIÓN ADMINISTRATIVA , 13-06-2022 11:00 AM , Global , Programada 
2022-1-93-0-02-CL-010898,ADQUISICION DE UN (1) LOCKER DE NUEVE (9) DIVISIONES.,UNIVERSIDAD DE LAS AMÉRICAS/COMPRAS, COMPRAS , 08-06-2022 12:00 PM , Global , Programada 
2022-0-12-202-02-CL-008388,GAS PROPANO,MINISTERIO DE SALUD/DEP. DE COMPRAS(H. AQUILINO TEJEIRA), DEP. DE COMPRAS(H. AQUILINO TEJEIRA) , 10-06-2022 08:00 AM , Global , Programada 
2022-0-05-0-08-CL-010617,"DISPENSADOR DE AGUA AMBIENTE, FRÍA Y CALIENTE",MINISTERIO DE RELACIONES EXTERIORES/DEPARTAMENTO DE PROVEEDURIA Y COMPRAS, DEPARTAMENTO DE PROVEEDURIA Y COMPRAS , 09-06-2022 08:00 AM , Global , Programada 
2022-0-12-119-04-CL-028457,GENTAMICINA SULFATO 0.3 % GOTAS OFTALMICAS 5- 15 ML - FT. 10379  REQ. 375,MINISTERIO DE SALUD/DEPARTAMENTO DE COMPRAS(H. JOSÉ DOMINGO DE OBALDIA), DEPARTAMENTO DE COMPRAS(H. JOSÉ DOMINGO DE OBALDIA) , 13-06-2022 07:00 AM , Global , Programada 
2022-0-12-119-04-CL-028455,TOXINA BOTULÍNICA TIPO A 500 U.I. POLVO LIOFILIZADO VIAL I.M. S.C - FT. 104003 - REQ. 398,MINISTERIO DE SALUD/DEPARTAMENTO DE COMPRAS(H. JOSÉ DOMINGO DE OBALDIA), DEPARTAMENTO DE COMPRAS(H. JOSÉ DOMINGO DE OBALDIA) , 13-06-2022 07:00 AM , Global , Programada 
2022-0-05-0-08-CL-010588,SERVICIO DE MANTENIMIENTO DE FUENTES DE AGUA POTABLE,MINISTERIO DE RELACIONES EXTERIORES/DEPARTAMENTO DE PROVEEDURIA Y COMPRAS, DEPARTAMENTO DE PROVEEDURIA Y COMPRAS , 09-06-2022 08:00 AM , Global , Programada 
2022-1-01-0-08-CL-020212,"Adquisición de loncheras (tipo nevera) cilíndrica de material poliéster (tipo Denin), interior de aluminio, según especificaciones técnicas adjuntas.",BANCO NACIONAL DE PANAMÁ/DEPARTAMENTO DE CONTRATACION MENOR , DEPARTAMENTO DE CONTRATACION MENOR  , 08-06-2022 10:30 AM , Global , Programada 
2022-0-18-01-08-CL-057849,"ADQUISICIÓN DE MATERIALES VARIOS PARA LA REPARACIÓN Y MANTENIMIENTO DE LOS GIMNASIOS CARDIOVASCULAR Y ATHEYNA BYLON, SOLICITADO POR EL DEPARTAMENTO DE BIENESTAR POLICIAL, DEPORTE.",Ministerio de Seguridad Pública/POLICIA NACIONAL, POLICIA NACIONAL , 09-06-2022 08:00 AM , Global , Programada 
2022-7-2-01-08-CL-000048,"Un servicio de consultoría para asesorarse sobre el estándar y la formulación (colectivamente, “benchmarking”) de la compensación total para el ejecutivo.",FONDO DE AHORRO DE PANAMÁ/FONDO DE AHORRO DE PANAMÁ, FONDO DE AHORRO DE PANAMÁ , 13-06-2022 08:00 AM , Global , Programada 
2022-0-12-10-08-CL-000620,JORNADA EDUCATIVA DE TABACO Y EL MANEJO DE LA PANDEMIA POR COVID-19 (COFFE BREAK Y ALMUERZO),MINISTERIO DE SALUD/Región de Salud de Panamá Norte, Región de Salud de Panamá Norte , 09-06-2022 08:00 AM , Global , Programada 
2022-0-07-0-08-CL-044786,ADQUISICION DE DISPENSADOR DE AGUA FRIA Y CALIENTE CAPACIDAD MINIMA 5 GALONES.,MINISTERIO DE EDUCACION/DEPARTAMENTO DE COMPRAS SEDE, DEPARTAMENTO DE COMPRAS SEDE , 08-06-2022 10:00 AM , Global , Programada 
2022-1-10-0-06-CL-461478,REQ. No. 1000839652-06-03SERVICIO DE REFRIGERIOS Y ALMUERZOS PARA CAPACITACIÓN EL DÍA 21 DE OCTUBRE DE 2022,CAJA DE SEGURO SOCIAL/COORD.ADMIN. DE HERRERA, COORD.ADMIN. DE HERRERA , 08-06-2022 10:00 AM , Global , Programada 
2022-0-12-119-04-CL-028371,DEXKETOPROFENO TROMETAMOL 25 mg solución bebible V. O - FT. 105182 - REQ. 370,MINISTERIO DE SALUD/DEPARTAMENTO DE COMPRAS(H. JOSÉ DOMINGO DE OBALDIA), DEPARTAMENTO DE COMPRAS(H. JOSÉ DOMINGO DE OBALDIA) , 13-06-2022 07:00 AM , Global , Programada 
2022-0-07-02-02-CL-035482,SUMINISTROS DE COMIDAS SERVIDAS PARA  COMEDOR ESCOLAR DEL COLEGIO MARIANO PRADOS ARAUZ POR UN MES,MINISTERIO DE EDUCACION/MARIANO PRADOS A., MARIANO PRADOS A. , 09-06-2022 07:00 AM , Global , Programada 
2022-0-07-11-15-CL-048088,COMPRA DE IMPLEMENTOS DEPORTIVOS PARA ESTUDIANTES  DEL COLEGIO.,MINISTERIO DE EDUCACION/STELLA SIERRA, STELLA SIERRA , 09-06-2022 08:00 AM , Global , Programada 
2021-0-07-02-02-CL-033105,COMPRA DE DOS BANDERA MODELO 4 X 6 DE TELA DACRON Y CUATRO BANDERAS MODELO  3 X 5 TELA DACRON,MINISTERIO DE EDUCACION/C.E.B.G. MEMBRILLO , C.E.B.G. MEMBRILLO  , 10-06-2022 11:00 AM , Global , Programada 
